order_id,user_id,order_date,product_id,product_category,payment_method,order_amount,city,device_type
ORD1000,151,2023-06-07,PROD1078,Beauty,Net Banking,1379,Kolkata,Desktop
ORD1001,192,2023-03-29,PROD1074,Home,Net Banking,9274,Mumbai,Mobile
ORD1002,114,2023-05-20,PROD1007,Toys,UPI,6606,Chennai,Desktop
ORD1003,171,2023-03-28,PROD1025,Electronics,Debit Card,8791,Bangalore,Tablet
ORD1004,160,2023-02-09,PROD1050,Toys,Net Banking,7107,Hyderabad,Tablet
ORD1005,120,2024-01-12,PROD1044,Beauty,Net Banking,9000,Delhi,Mobile
ORD1006,182,2023-06-15,PROD1043,Beauty,COD,1838,Mumbai,Mobile
ORD1007,186,2023-04-07,PROD1004,Electronics,COD,5871,Bangalore,Mobile
ORD1008,174,2023-07-18,PROD1069,Clothing,Credit Card,7128,Delhi,Desktop
ORD1009,174,2023-09-08,PROD1025,Electronics,UPI,1582,Delhi,Desktop
ORD1010,187,2024-05-02,PROD1067,Books,Credit Card,1603,Bangalore,Desktop
ORD1011,199,2023-01-24,PROD1018,Home,COD,9211,Mumbai,Mobile
ORD1012,123,2023-11-09,PROD1083,Clothing,Debit Card,3492,Kolkata,Tablet
ORD1013,102,2023-01-31,PROD1096,Electronics,COD,9211,Mumbai,Tablet
ORD1014,121,2023-11-29,PROD1019,Toys,UPI,619,Chennai,Desktop
ORD1015,152,2023-10-20,PROD1011,Clothing,COD,4717,Hyderabad,Desktop
ORD1016,101,2023-05-10,PROD1046,Clothing,UPI,3502,Bangalore,Tablet
ORD1017,187,2023-03-12,PROD1000,Electronics,UPI,8057,Kolkata,Tablet
ORD1018,129,2023-05-15,PROD1089,Clothing,UPI,9900,Bangalore,Desktop
ORD1019,137,2024-05-10,PROD1013,Toys,UPI,8070,Bangalore,Desktop
ORD1020,101,2024-04-25,PROD1063,Beauty,UPI,5893,Mumbai,Tablet
ORD1021,163,2023-05-11,PROD1037,Clothing,Debit Card,967,Hyderabad,Mobile
ORD1022,159,2024-03-30,PROD1036,Beauty,Credit Card,2244,Chennai,Desktop
ORD1023,120,2023-05-01,PROD1010,Toys,Net Banking,1749,Delhi,Tablet
ORD1024,132,2023-08-13,PROD1099,Electronics,Credit Card,6340,Delhi,Tablet
ORD1025,175,2023-10-08,PROD1076,Home,UPI,3916,Bangalore,Tablet
ORD1026,157,2023-09-26,PROD1002,Clothing,Debit Card,4681,Hyderabad,Tablet
ORD1027,121,2023-06-21,PROD1032,Home,COD,8098,Kolkata,Mobile
ORD1028,188,2023-05-30,PROD1005,Toys,Debit Card,6748,Mumbai,Tablet
ORD1029,148,2024-03-29,PROD1049,Clothing,UPI,2493,Hyderabad,Desktop
ORD1030,190,2024-01-13,PROD1009,Beauty,Debit Card,5037,Hyderabad,Mobile
ORD1031,158,2023-09-05,PROD1004,Books,Debit Card,7958,Mumbai,Tablet
ORD1032,141,2023-03-05,PROD1022,Home,UPI,6993,Bangalore,Mobile
ORD1033,191,2023-06-18,PROD1009,Clothing,Debit Card,7838,Hyderabad,Desktop
ORD1034,159,2023-09-28,PROD1043,Home,Net Banking,8193,Delhi,Tablet
ORD1035,179,2024-02-12,PROD1001,Clothing,Net Banking,6207,Mumbai,Desktop
ORD1036,114,2024-02-19,PROD1012,Electronics,Debit Card,5742,Kolkata,Tablet
ORD1037,161,2023-07-28,PROD1039,Beauty,COD,9292,Chennai,Tablet
ORD1038,161,2023-05-17,PROD1001,Home,UPI,6556,Bangalore,Tablet
ORD1039,146,2023-07-14,PROD1083,Books,Net Banking,8633,Mumbai,Tablet
ORD1040,161,2023-12-10,PROD1064,Books,COD,7580,Chennai,Tablet
ORD1041,150,2024-03-26,PROD1062,Toys,Debit Card,2585,Chennai,Mobile
ORD1042,154,2023-03-09,PROD1072,Clothing,COD,4468,Kolkata,Tablet
ORD1043,163,2023-11-24,PROD1016,Home,Credit Card,871,Hyderabad,Tablet
ORD1044,102,2023-09-20,PROD1008,Toys,Net Banking,363,Kolkata,Mobile
ORD1045,150,2023-10-22,PROD1074,Home,Debit Card,8856,Hyderabad,Mobile
ORD1046,106,2024-03-25,PROD1014,Clothing,UPI,4792,Hyderabad,Mobile
ORD1047,120,2024-01-20,PROD1023,Books,Debit Card,4995,Mumbai,Mobile
ORD1048,172,2023-03-01,PROD1037,Electronics,UPI,4998,Mumbai,Mobile
ORD1049,138,2023-09-23,PROD1034,Books,Debit Card,6236,Bangalore,Mobile
ORD1050,117,2023-11-12,PROD1093,Toys,COD,2555,Hyderabad,Tablet
ORD1051,103,2024-04-02,PROD1094,Beauty,COD,6087,Chennai,Tablet
ORD1052,188,2023-04-17,PROD1048,Electronics,COD,8161,Delhi,Desktop
ORD1053,159,2023-07-29,PROD1068,Toys,Credit Card,6027,Bangalore,Tablet
ORD1054,113,2024-01-01,PROD1061,Clothing,UPI,8937,Mumbai,Tablet
ORD1055,108,2024-04-09,PROD1059,Electronics,COD,4919,Kolkata,Mobile
ORD1056,189,2024-02-08,PROD1049,Toys,Credit Card,793,Bangalore,Mobile
ORD1057,152,2023-09-18,PROD1077,Clothing,UPI,5039,Bangalore,Tablet
ORD1058,101,2024-01-24,PROD1074,Books,Debit Card,7594,Bangalore,Desktop
ORD1059,183,2023-12-30,PROD1008,Beauty,Credit Card,9851,Bangalore,Mobile
ORD1060,191,2023-05-04,PROD1033,Clothing,Net Banking,3693,Delhi,Tablet
ORD1061,159,2023-01-15,PROD1075,Home,Credit Card,6364,Kolkata,Tablet
ORD1062,170,2024-02-07,PROD1098,Clothing,Credit Card,2872,Kolkata,Desktop
ORD1063,143,2023-08-29,PROD1034,Clothing,UPI,4400,Kolkata,Desktop
ORD1064,107,2024-04-10,PROD1000,Beauty,Debit Card,216,Hyderabad,Mobile
ORD1065,146,2023-01-18,PROD1039,Home,Net Banking,3391,Chennai,Desktop
ORD1066,134,2023-07-17,PROD1063,Toys,COD,592,Kolkata,Tablet
ORD1067,177,2023-06-25,PROD1021,Toys,COD,8816,Bangalore,Tablet
ORD1068,180,2023-11-28,PROD1059,Clothing,Credit Card,6472,Bangalore,Desktop
ORD1069,135,2023-03-18,PROD1063,Home,UPI,771,Kolkata,Desktop
ORD1070,149,2023-08-04,PROD1092,Home,UPI,3831,Kolkata,Desktop
ORD1071,103,2024-02-23,PROD1071,Beauty,COD,6372,Bangalore,Desktop
ORD1072,101,2023-08-31,PROD1010,Books,Net Banking,9512,Hyderabad,Mobile
ORD1073,105,2023-01-02,PROD1013,Toys,Debit Card,7377,Mumbai,Desktop
ORD1074,153,2023-09-17,PROD1059,Beauty,Net Banking,8633,Mumbai,Mobile
ORD1075,103,2023-10-03,PROD1029,Electronics,Debit Card,4097,Kolkata,Tablet
ORD1076,153,2023-03-30,PROD1034,Toys,COD,8323,Delhi,Desktop
ORD1077,192,2024-03-15,PROD1084,Beauty,Debit Card,2479,Kolkata,Mobile
ORD1078,162,2024-01-28,PROD1036,Toys,UPI,9180,Kolkata,Desktop
ORD1079,117,2024-04-23,PROD1004,Books,Credit Card,7651,Mumbai,Tablet
ORD1080,189,2023-07-27,PROD1082,Electronics,Credit Card,9106,Bangalore,Tablet
ORD1081,143,2023-05-07,PROD1077,Books,COD,975,Kolkata,Tablet
ORD1082,133,2024-01-30,PROD1025,Electronics,UPI,7069,Bangalore,Desktop
ORD1083,173,2023-11-30,PROD1061,Clothing,Net Banking,2447,Bangalore,Desktop
ORD1084,161,2023-10-26,PROD1003,Beauty,UPI,7288,Delhi,Mobile
ORD1085,199,2023-04-18,PROD1088,Electronics,Credit Card,278,Bangalore,Tablet
ORD1086,113,2023-02-17,PROD1041,Books,Credit Card,8280,Mumbai,Desktop
ORD1087,194,2023-08-07,PROD1088,Toys,UPI,7299,Hyderabad,Tablet
ORD1088,147,2023-05-05,PROD1017,Electronics,UPI,4126,Hyderabad,Tablet
ORD1089,114,2024-04-26,PROD1039,Beauty,Credit Card,9247,Chennai,Mobile
ORD1090,171,2023-11-07,PROD1071,Electronics,Net Banking,7540,Kolkata,Mobile
ORD1091,177,2024-04-19,PROD1038,Home,COD,7283,Mumbai,Mobile
ORD1092,186,2023-03-14,PROD1013,Toys,COD,6430,Bangalore,Mobile
ORD1093,161,2023-04-30,PROD1031,Beauty,UPI,9423,Hyderabad,Tablet
ORD1094,139,2023-02-14,PROD1050,Beauty,COD,5140,Mumbai,Mobile
ORD1095,184,2024-03-13,PROD1037,Clothing,Credit Card,3471,Hyderabad,Mobile
ORD1096,179,2023-09-13,PROD1096,Books,Credit Card,3656,Bangalore,Mobile
ORD1097,181,2023-02-18,PROD1022,Clothing,UPI,7988,Hyderabad,Mobile
ORD1098,152,2023-05-19,PROD1062,Beauty,UPI,8799,Kolkata,Tablet
ORD1099,123,2023-10-30,PROD1014,Toys,UPI,7850,Kolkata,Mobile
ORD1100,125,2024-03-09,PROD1096,Electronics,Net Banking,2911,Chennai,Tablet
ORD1101,188,2023-07-07,PROD1024,Electronics,COD,1868,Chennai,Desktop
ORD1102,159,2023-11-25,PROD1016,Toys,UPI,347,Hyderabad,Tablet
ORD1103,140,2023-10-24,PROD1096,Beauty,Debit Card,6620,Mumbai,Tablet
ORD1104,128,2023-11-11,PROD1065,Electronics,Debit Card,565,Kolkata,Mobile
ORD1105,114,2023-09-19,PROD1077,Electronics,Credit Card,4731,Mumbai,Desktop
ORD1106,144,2023-01-22,PROD1052,Electronics,COD,5530,Mumbai,Desktop
ORD1107,164,2023-04-26,PROD1050,Books,UPI,5710,Hyderabad,Desktop
ORD1108,188,2023-12-15,PROD1038,Books,Debit Card,8954,Mumbai,Desktop
ORD1109,170,2024-02-28,PROD1050,Home,COD,9164,Kolkata,Tablet
ORD1110,108,2023-09-01,PROD1069,Clothing,Credit Card,6693,Bangalore,Desktop
ORD1111,187,2023-11-23,PROD1005,Toys,Net Banking,5639,Chennai,Tablet
ORD1112,100,2023-01-21,PROD1066,Toys,COD,9965,Bangalore,Tablet
ORD1113,107,2023-11-04,PROD1006,Toys,COD,6711,Mumbai,Tablet
ORD1114,187,2023-07-26,PROD1050,Home,Net Banking,7704,Bangalore,Desktop
ORD1115,162,2023-03-02,PROD1071,Books,COD,1446,Kolkata,Mobile
ORD1116,110,2023-06-08,PROD1041,Beauty,Credit Card,4039,Kolkata,Mobile
ORD1117,180,2024-05-08,PROD1063,Beauty,Credit Card,8751,Mumbai,Desktop
ORD1118,107,2024-02-20,PROD1014,Home,Net Banking,2576,Hyderabad,Mobile
ORD1119,134,2023-12-09,PROD1028,Beauty,UPI,3209,Bangalore,Mobile
ORD1120,134,2023-06-24,PROD1032,Toys,Debit Card,9354,Hyderabad,Tablet
ORD1121,132,2024-02-05,PROD1093,Clothing,UPI,2027,Hyderabad,Tablet
ORD1122,104,2023-03-08,PROD1026,Electronics,COD,7179,Delhi,Desktop
ORD1123,140,2024-04-27,PROD1035,Books,Debit Card,8769,Mumbai,Desktop
ORD1124,127,2023-08-20,PROD1028,Books,Net Banking,4485,Chennai,Mobile
ORD1125,106,2023-05-08,PROD1037,Home,Net Banking,7110,Kolkata,Tablet
ORD1126,172,2023-04-14,PROD1056,Books,Debit Card,8761,Kolkata,Desktop
ORD1127,171,2024-01-07,PROD1096,Toys,Credit Card,2396,Mumbai,Desktop
ORD1128,111,2023-09-24,PROD1026,Beauty,Debit Card,3947,Chennai,Desktop
ORD1129,133,2023-08-02,PROD1054,Toys,COD,9043,Kolkata,Desktop
ORD1130,132,2023-11-08,PROD1032,Home,Credit Card,6178,Mumbai,Desktop
ORD1131,147,2023-10-14,PROD1067,Toys,Net Banking,5807,Kolkata,Desktop
ORD1132,122,2023-04-21,PROD1085,Beauty,Debit Card,969,Hyderabad,Mobile
ORD1133,161,2024-05-01,PROD1065,Clothing,UPI,980,Bangalore,Tablet
ORD1134,187,2024-03-06,PROD1009,Home,UPI,6503,Bangalore,Tablet
ORD1135,136,2023-11-14,PROD1004,Clothing,COD,4183,Kolkata,Desktop
ORD1136,198,2024-04-28,PROD1073,Electronics,UPI,9703,Delhi,Tablet
ORD1137,143,2024-03-18,PROD1096,Clothing,Debit Card,8914,Chennai,Tablet
ORD1138,185,2023-07-03,PROD1037,Electronics,Debit Card,721,Chennai,Tablet
ORD1139,190,2023-12-25,PROD1012,Electronics,UPI,9327,Chennai,Desktop
ORD1140,134,2024-02-10,PROD1030,Clothing,Debit Card,7769,Hyderabad,Desktop
ORD1141,164,2023-01-17,PROD1046,Home,COD,5984,Chennai,Tablet
ORD1142,198,2023-12-01,PROD1099,Beauty,Credit Card,4783,Bangalore,Tablet
ORD1143,146,2023-05-18,PROD1087,Toys,COD,6146,Hyderabad,Desktop
ORD1144,177,2023-11-13,PROD1051,Toys,COD,5141,Mumbai,Mobile
ORD1145,102,2024-03-11,PROD1055,Beauty,Debit Card,6467,Chennai,Tablet
ORD1146,100,2023-06-20,PROD1014,Electronics,Credit Card,7328,Chennai,Mobile
ORD1147,104,2023-03-22,PROD1028,Electronics,Debit Card,2661,Mumbai,Tablet
ORD1148,189,2023-07-08,PROD1007,Home,Net Banking,885,Chennai,Mobile
ORD1149,113,2023-04-16,PROD1004,Books,Debit Card,2360,Mumbai,Mobile
ORD1150,126,2024-01-23,PROD1028,Clothing,Debit Card,7231,Hyderabad,Mobile
ORD1151,108,2023-09-12,PROD1046,Electronics,Debit Card,9959,Bangalore,Desktop
ORD1152,178,2023-12-28,PROD1067,Toys,Credit Card,5541,Mumbai,Mobile
ORD1153,114,2023-11-06,PROD1075,Home,Debit Card,238,Delhi,Mobile
ORD1154,189,2023-03-20,PROD1044,Clothing,Credit Card,5075,Mumbai,Mobile
ORD1155,141,2023-08-19,PROD1001,Home,UPI,1456,Chennai,Tablet
ORD1156,176,2023-12-04,PROD1026,Clothing,Net Banking,7897,Hyderabad,Mobile
ORD1157,150,2023-07-30,PROD1094,Clothing,Credit Card,2396,Kolkata,Tablet
ORD1158,162,2024-03-23,PROD1035,Beauty,UPI,7365,Hyderabad,Mobile
ORD1159,195,2023-02-07,PROD1035,Electronics,Credit Card,501,Kolkata,Mobile
ORD1160,151,2023-04-13,PROD1025,Home,Credit Card,7727,Mumbai,Desktop
ORD1161,195,2024-02-11,PROD1042,Home,Net Banking,6581,Bangalore,Tablet
ORD1162,103,2023-03-07,PROD1026,Beauty,COD,846,Delhi,Mobile
ORD1163,193,2023-05-22,PROD1068,Toys,COD,8989,Hyderabad,Tablet
ORD1164,122,2023-07-12,PROD1019,Toys,Credit Card,9053,Chennai,Tablet
ORD1165,114,2024-01-17,PROD1010,Electronics,Debit Card,4530,Kolkata,Desktop
ORD1166,142,2023-08-24,PROD1073,Electronics,UPI,9760,Chennai,Desktop
ORD1167,128,2023-04-22,PROD1037,Books,Debit Card,7203,Bangalore,Desktop
ORD1168,135,2023-08-22,PROD1005,Beauty,Debit Card,3737,Kolkata,Desktop
ORD1169,112,2023-12-19,PROD1071,Toys,Credit Card,4758,Hyderabad,Desktop
ORD1170,131,2023-11-05,PROD1022,Clothing,Credit Card,6779,Mumbai,Desktop
ORD1171,170,2024-01-14,PROD1046,Home,Credit Card,8674,Chennai,Desktop
ORD1172,158,2023-09-27,PROD1089,Electronics,Credit Card,9878,Bangalore,Desktop
ORD1173,185,2023-02-19,PROD1045,Home,COD,4282,Hyderabad,Mobile
ORD1174,127,2023-05-03,PROD1011,Home,Credit Card,4383,Hyderabad,Tablet
ORD1175,165,2023-07-19,PROD1089,Books,COD,8852,Hyderabad,Desktop
ORD1176,141,2023-08-14,PROD1012,Toys,COD,3954,Hyderabad,Desktop
ORD1177,144,2023-06-11,PROD1061,Electronics,Credit Card,1924,Kolkata,Tablet
ORD1178,161,2024-05-13,PROD1081,Home,Net Banking,1576,Hyderabad,Mobile
ORD1179,156,2023-11-03,PROD1088,Electronics,UPI,8906,Chennai,Tablet
ORD1180,105,2023-03-13,PROD1096,Clothing,Debit Card,9094,Bangalore,Tablet
ORD1181,127,2024-03-04,PROD1059,Books,COD,1853,Kolkata,Desktop
ORD1182,127,2023-04-02,PROD1042,Clothing,UPI,2266,Hyderabad,Tablet
ORD1183,143,2023-02-03,PROD1075,Electronics,Net Banking,222,Delhi,Tablet
ORD1184,183,2023-02-01,PROD1099,Electronics,Debit Card,2660,Delhi,Desktop
ORD1185,129,2023-04-23,PROD1067,Toys,Debit Card,6126,Bangalore,Desktop
ORD1186,161,2024-03-31,PROD1004,Home,COD,6451,Mumbai,Desktop
ORD1187,174,2024-04-20,PROD1036,Home,Credit Card,9696,Mumbai,Desktop
ORD1188,191,2023-02-20,PROD1071,Clothing,Net Banking,7495,Kolkata,Tablet
ORD1189,188,2023-10-01,PROD1091,Books,COD,3500,Kolkata,Tablet
ORD1190,161,2023-04-20,PROD1030,Beauty,Net Banking,6479,Kolkata,Mobile
ORD1191,196,2023-03-19,PROD1008,Home,Credit Card,8753,Mumbai,Mobile
ORD1192,100,2024-01-08,PROD1050,Toys,Credit Card,7553,Delhi,Tablet
ORD1193,126,2023-12-31,PROD1028,Clothing,COD,3927,Mumbai,Mobile
ORD1194,161,2023-03-24,PROD1077,Clothing,Credit Card,6472,Chennai,Tablet
ORD1195,176,2023-11-18,PROD1039,Beauty,UPI,6195,Hyderabad,Mobile
ORD1196,102,2023-12-22,PROD1040,Toys,Debit Card,9676,Kolkata,Desktop
ORD1197,169,2024-04-16,PROD1085,Books,COD,714,Delhi,Mobile
ORD1198,171,2023-12-16,PROD1010,Toys,Net Banking,648,Bangalore,Desktop
ORD1199,126,2023-01-03,PROD1022,Books,UPI,6219,Bangalore,Desktop
ORD1200,108,2023-04-12,PROD1000,Toys,COD,5543,Hyderabad,Desktop
ORD1201,161,2023-12-11,PROD1045,Toys,Credit Card,8233,Delhi,Desktop
ORD1202,136,2024-03-01,PROD1020,Electronics,Credit Card,2720,Mumbai,Mobile
ORD1203,196,2023-08-25,PROD1089,Clothing,Credit Card,3281,Mumbai,Tablet
ORD1204,150,2023-01-06,PROD1035,Toys,Credit Card,1628,Chennai,Desktop
ORD1205,143,2023-02-24,PROD1053,Beauty,Net Banking,4167,Chennai,Mobile
ORD1206,123,2023-10-15,PROD1086,Toys,UPI,6645,Mumbai,Desktop
ORD1207,178,2023-05-09,PROD1056,Home,Debit Card,9314,Bangalore,Mobile
ORD1208,158,2023-12-24,PROD1000,Clothing,Net Banking,2359,Kolkata,Mobile
ORD1209,131,2024-02-16,PROD1062,Home,Net Banking,5332,Bangalore,Mobile
ORD1210,195,2023-04-08,PROD1053,Clothing,Debit Card,2747,Chennai,Tablet
ORD1211,187,2024-05-06,PROD1054,Home,Debit Card,3179,Hyderabad,Mobile
ORD1212,151,2024-03-27,PROD1039,Toys,Credit Card,2849,Mumbai,Mobile
ORD1213,161,2023-12-13,PROD1014,Toys,Net Banking,8705,Chennai,Tablet
ORD1214,157,2023-01-27,PROD1020,Electronics,COD,3283,Chennai,Tablet
ORD1215,151,2023-02-28,PROD1046,Beauty,Debit Card,1237,Kolkata,Mobile
ORD1216,111,2024-05-09,PROD1072,Home,Debit Card,3689,Mumbai,Tablet
ORD1217,138,2023-11-15,PROD1052,Books,UPI,7804,Kolkata,Desktop
ORD1218,101,2023-03-04,PROD1008,Electronics,COD,7744,Mumbai,Desktop
ORD1219,102,2023-01-26,PROD1073,Home,COD,2834,Kolkata,Tablet
ORD1220,155,2023-03-26,PROD1051,Home,Debit Card,4183,Bangalore,Tablet
ORD1221,180,2023-01-11,PROD1056,Electronics,Credit Card,1978,Hyderabad,Mobile
ORD1222,158,2024-01-05,PROD1025,Toys,UPI,8102,Hyderabad,Tablet
ORD1223,101,2024-01-16,PROD1040,Home,COD,5310,Mumbai,Mobile
ORD1224,101,2024-05-11,PROD1034,Toys,Debit Card,5389,Delhi,Desktop
ORD1225,191,2023-04-28,PROD1062,Electronics,COD,7578,Chennai,Tablet
ORD1226,153,2024-04-04,PROD1024,Toys,UPI,1324,Chennai,Mobile
ORD1227,186,2023-04-29,PROD1089,Clothing,UPI,897,Mumbai,Mobile
ORD1228,195,2023-11-20,PROD1074,Books,Net Banking,2379,Kolkata,Desktop
ORD1229,196,2023-12-17,PROD1037,Home,Debit Card,9796,Delhi,Tablet
ORD1230,100,2023-01-30,PROD1001,Beauty,UPI,5451,Bangalore,Desktop
ORD1231,118,2023-02-25,PROD1006,Books,Net Banking,9435,Kolkata,Mobile
ORD1232,101,2024-04-14,PROD1081,Toys,Net Banking,2129,Kolkata,Mobile
ORD1233,152,2024-04-01,PROD1090,Home,COD,1213,Mumbai,Tablet
ORD1234,143,2023-06-02,PROD1033,Toys,COD,426,Mumbai,Mobile
ORD1235,189,2023-10-05,PROD1090,Clothing,Net Banking,7521,Chennai,Tablet
ORD1236,131,2023-07-16,PROD1016,Electronics,COD,2028,Mumbai,Desktop
ORD1237,169,2024-02-17,PROD1042,Home,UPI,8109,Mumbai,Tablet
ORD1238,131,2023-03-23,PROD1058,Clothing,Credit Card,5788,Mumbai,Tablet
ORD1239,167,2023-10-21,PROD1050,Clothing,UPI,2223,Chennai,Mobile
ORD1240,154,2024-02-25,PROD1053,Home,Net Banking,5166,Bangalore,Mobile
ORD1241,174,2023-02-15,PROD1023,Toys,Net Banking,6091,Bangalore,Tablet
ORD1242,155,2023-10-31,PROD1024,Beauty,UPI,1280,Mumbai,Mobile
ORD1243,116,2023-06-06,PROD1070,Clothing,COD,5236,Chennai,Mobile
ORD1244,137,2023-08-28,PROD1051,Books,COD,2763,Bangalore,Mobile
ORD1245,123,2023-09-29,PROD1069,Clothing,Net Banking,3492,Kolkata,Tablet
ORD1246,168,2023-07-24,PROD1087,Beauty,Debit Card,3786,Bangalore,Mobile
ORD1247,197,2023-07-31,PROD1032,Toys,COD,4631,Bangalore,Tablet
ORD1248,169,2023-09-02,PROD1048,Toys,UPI,7041,Chennai,Mobile
ORD1249,185,2023-06-10,PROD1028,Books,COD,6843,Kolkata,Desktop
ORD1250,110,2023-07-20,PROD1062,Clothing,UPI,4159,Chennai,Mobile
ORD1251,115,2023-11-16,PROD1021,Toys,Net Banking,361,Mumbai,Mobile
ORD1252,196,2023-10-23,PROD1025,Beauty,COD,793,Hyderabad,Tablet
ORD1253,172,2024-04-13,PROD1027,Home,UPI,3590,Bangalore,Tablet
ORD1254,158,2023-06-04,PROD1084,Electronics,Net Banking,6197,Hyderabad,Mobile
ORD1255,169,2024-02-03,PROD1048,Electronics,Debit Card,6554,Chennai,Desktop
ORD1256,179,2023-08-16,PROD1070,Electronics,UPI,863,Chennai,Mobile
ORD1257,192,2023-02-10,PROD1080,Clothing,Debit Card,9524,Chennai,Mobile
ORD1258,102,2024-02-29,PROD1083,Books,Debit Card,741,Hyderabad,Desktop
ORD1259,119,2023-01-28,PROD1048,Toys,Credit Card,5633,Chennai,Tablet
ORD1260,158,2024-03-20,PROD1019,Home,COD,5293,Mumbai,Mobile
ORD1261,135,2023-12-14,PROD1085,Beauty,UPI,1067,Chennai,Tablet
ORD1262,118,2023-11-17,PROD1091,Home,Debit Card,8823,Delhi,Tablet
ORD1263,189,2024-02-18,PROD1062,Beauty,Credit Card,5669,Hyderabad,Desktop
ORD1264,166,2023-10-09,PROD1060,Clothing,Net Banking,6456,Delhi,Desktop
ORD1265,118,2023-11-22,PROD1048,Electronics,UPI,9598,Chennai,Tablet
ORD1266,119,2023-01-08,PROD1070,Clothing,Debit Card,1369,Mumbai,Mobile
ORD1267,195,2023-06-05,PROD1000,Books,COD,1030,Bangalore,Tablet
ORD1268,170,2024-01-25,PROD1095,Books,Credit Card,1851,Kolkata,Mobile
ORD1269,151,2024-03-14,PROD1012,Beauty,Debit Card,1336,Kolkata,Mobile
ORD1270,132,2023-12-20,PROD1093,Toys,COD,3010,Chennai,Desktop
ORD1271,139,2023-09-16,PROD1086,Toys,Debit Card,8867,Mumbai,Mobile
ORD1272,138,2023-02-23,PROD1050,Beauty,UPI,9718,Hyderabad,Mobile
ORD1273,181,2023-10-25,PROD1055,Books,UPI,1219,Delhi,Tablet
ORD1274,100,2023-05-23,PROD1082,Books,UPI,5437,Delhi,Desktop
ORD1275,110,2023-01-14,PROD1061,Books,Credit Card,1483,Delhi,Mobile
ORD1276,191,2024-01-10,PROD1031,Clothing,UPI,859,Hyderabad,Mobile
ORD1277,156,2024-05-03,PROD1029,Books,COD,2210,Kolkata,Desktop
ORD1278,188,2023-01-20,PROD1028,Home,Debit Card,8790,Mumbai,Tablet
ORD1279,149,2024-04-05,PROD1048,Electronics,Net Banking,1933,Hyderabad,Desktop
ORD1280,122,2024-02-02,PROD1044,Books,COD,2325,Delhi,Desktop
ORD1281,130,2024-02-06,PROD1092,Beauty,COD,2371,Chennai,Mobile
ORD1282,193,2023-08-17,PROD1029,Electronics,UPI,8466,Bangalore,Mobile
ORD1283,141,2024-02-13,PROD1015,Clothing,Credit Card,3671,Hyderabad,Tablet
ORD1284,198,2023-07-22,PROD1039,Beauty,Debit Card,9228,Hyderabad,Mobile
ORD1285,106,2023-08-01,PROD1018,Electronics,Credit Card,5824,Mumbai,Mobile
ORD1286,115,2023-03-21,PROD1017,Beauty,Debit Card,8891,Mumbai,Desktop
ORD1287,189,2023-05-29,PROD1000,Clothing,Debit Card,8529,Hyderabad,Mobile
ORD1288,159,2023-10-18,PROD1077,Home,Credit Card,2297,Delhi,Tablet
ORD1289,101,2024-03-24,PROD1046,Clothing,COD,5268,Bangalore,Desktop
ORD1290,100,2023-11-01,PROD1065,Clothing,Debit Card,6597,Mumbai,Tablet
ORD1291,147,2024-03-05,PROD1091,Beauty,Credit Card,2957,Delhi,Desktop
ORD1292,111,2023-10-27,PROD1093,Toys,Debit Card,4120,Chennai,Mobile
ORD1293,168,2023-05-14,PROD1037,Books,Net Banking,8386,Mumbai,Desktop
ORD1294,136,2023-04-27,PROD1050,Books,COD,2100,Delhi,Desktop
ORD1295,131,2023-07-10,PROD1062,Home,UPI,2810,Delhi,Mobile
ORD1296,108,2024-02-15,PROD1003,Home,Debit Card,7100,Bangalore,Mobile
ORD1297,198,2023-01-01,PROD1000,Books,Net Banking,1649,Bangalore,Tablet
ORD1298,118,2023-05-28,PROD1007,Toys,UPI,8938,Chennai,Tablet
ORD1299,147,2023-02-27,PROD1028,Books,UPI,5217,Delhi,Mobile
ORD1300,179,2023-11-02,PROD1054,Toys,Debit Card,8199,Kolkata,Mobile
ORD1301,102,2024-05-05,PROD1002,Home,Credit Card,6252,Delhi,Mobile
ORD1302,119,2024-02-26,PROD1031,Electronics,Debit Card,2296,Bangalore,Desktop
ORD1303,123,2024-04-24,PROD1009,Beauty,Net Banking,9095,Kolkata,Desktop
ORD1304,153,2023-06-22,PROD1073,Home,UPI,6604,Mumbai,Desktop
ORD1305,132,2023-05-06,PROD1082,Home,Debit Card,3531,Mumbai,Mobile
ORD1306,123,2023-12-18,PROD1033,Clothing,Credit Card,7662,Hyderabad,Tablet
ORD1307,174,2024-01-06,PROD1096,Clothing,Debit Card,5305,Bangalore,Mobile
ORD1308,171,2023-07-21,PROD1086,Clothing,COD,3178,Hyderabad,Desktop
ORD1309,135,2023-04-01,PROD1054,Beauty,Credit Card,3039,Kolkata,Desktop
ORD1310,137,2023-06-16,PROD1091,Clothing,Net Banking,3584,Bangalore,Mobile
ORD1311,183,2023-07-01,PROD1031,Toys,UPI,885,Chennai,Mobile
ORD1312,198,2023-10-02,PROD1049,Books,Debit Card,7731,Delhi,Desktop
ORD1313,188,2023-09-09,PROD1006,Electronics,Credit Card,4483,Chennai,Desktop
ORD1314,198,2023-03-11,PROD1092,Home,COD,7936,Kolkata,Desktop
ORD1315,124,2023-10-19,PROD1007,Toys,Credit Card,7910,Bangalore,Mobile
ORD1316,192,2023-05-12,PROD1064,Electronics,COD,1819,Kolkata,Desktop
ORD1317,117,2023-10-28,PROD1056,Toys,Net Banking,7068,Delhi,Desktop
ORD1318,181,2024-01-09,PROD1066,Toys,UPI,1631,Mumbai,Tablet
ORD1319,165,2023-05-25,PROD1087,Home,Net Banking,9267,Mumbai,Mobile
ORD1320,153,2023-05-16,PROD1086,Books,Debit Card,4913,Kolkata,Tablet
ORD1321,134,2023-06-14,PROD1058,Clothing,Credit Card,9757,Hyderabad,Tablet
ORD1322,179,2023-01-29,PROD1071,Beauty,COD,9635,Bangalore,Desktop
ORD1323,160,2023-01-05,PROD1053,Books,COD,5198,Bangalore,Mobile
ORD1324,140,2023-07-13,PROD1066,Beauty,Credit Card,362,Mumbai,Desktop
ORD1325,199,2023-12-12,PROD1050,Home,Credit Card,2174,Chennai,Mobile
ORD1326,132,2023-10-10,PROD1096,Home,Debit Card,3491,Delhi,Tablet
ORD1327,167,2023-06-19,PROD1091,Home,Net Banking,8661,Chennai,Mobile
ORD1328,132,2024-03-08,PROD1007,Electronics,COD,831,Chennai,Desktop
ORD1329,113,2023-05-21,PROD1033,Beauty,Debit Card,1105,Kolkata,Desktop
ORD1330,120,2023-06-23,PROD1034,Books,Net Banking,2214,Mumbai,Desktop
ORD1331,147,2023-01-07,PROD1095,Books,Debit Card,8096,Mumbai,Mobile
ORD1332,119,2023-08-18,PROD1087,Toys,COD,404,Mumbai,Tablet
ORD1333,107,2024-02-27,PROD1077,Toys,Credit Card,781,Kolkata,Tablet
ORD1334,106,2023-03-15,PROD1031,Toys,Credit Card,5875,Hyderabad,Mobile
ORD1335,166,2023-01-09,PROD1045,Home,Net Banking,9232,Chennai,Desktop
ORD1336,116,2024-01-02,PROD1015,Books,UPI,5547,Kolkata,Tablet
ORD1337,132,2023-08-27,PROD1067,Beauty,Net Banking,2843,Bangalore,Desktop
ORD1338,147,2023-05-26,PROD1036,Home,UPI,8217,Delhi,Mobile
ORD1339,175,2023-11-27,PROD1053,Electronics,Debit Card,2497,Hyderabad,Desktop
ORD1340,158,2023-08-23,PROD1084,Toys,Debit Card,1074,Bangalore,Tablet
ORD1341,185,2023-08-09,PROD1013,Home,COD,5760,Chennai,Tablet
ORD1342,121,2024-02-24,PROD1094,Home,UPI,889,Mumbai,Desktop
ORD1343,129,2024-03-19,PROD1054,Electronics,COD,4200,Chennai,Mobile
ORD1344,137,2023-05-13,PROD1047,Clothing,Credit Card,9814,Kolkata,Desktop
ORD1345,150,2023-05-02,PROD1081,Books,UPI,871,Delhi,Mobile
ORD1346,153,2023-12-29,PROD1006,Beauty,Net Banking,8127,Kolkata,Desktop
ORD1347,107,2023-07-05,PROD1073,Clothing,Credit Card,1371,Hyderabad,Tablet
ORD1348,126,2023-02-11,PROD1006,Toys,Credit Card,5791,Hyderabad,Mobile
ORD1349,126,2023-06-30,PROD1032,Home,Net Banking,9335,Delhi,Mobile
ORD1350,197,2023-04-19,PROD1022,Electronics,Credit Card,6542,Bangalore,Mobile
ORD1351,120,2024-04-22,PROD1084,Electronics,UPI,1649,Bangalore,Tablet
ORD1352,129,2023-02-26,PROD1018,Books,COD,2739,Hyderabad,Desktop
ORD1353,196,2023-12-26,PROD1018,Clothing,Credit Card,4159,Hyderabad,Tablet
ORD1354,127,2024-01-27,PROD1035,Books,UPI,6485,Mumbai,Mobile
ORD1355,163,2023-02-22,PROD1028,Home,Debit Card,5632,Bangalore,Desktop
ORD1356,196,2023-01-25,PROD1059,Books,UPI,4460,Delhi,Tablet
ORD1357,168,2024-04-30,PROD1081,Beauty,COD,2561,Bangalore,Mobile
ORD1358,160,2024-05-04,PROD1001,Electronics,UPI,6364,Mumbai,Mobile
ORD1359,147,2024-05-12,PROD1000,Electronics,Net Banking,3870,Kolkata,Tablet
ORD1360,118,2023-12-05,PROD1046,Toys,COD,1953,Hyderabad,Tablet
ORD1361,103,2023-02-21,PROD1068,Toys,Debit Card,8300,Hyderabad,Tablet
ORD1362,134,2024-04-08,PROD1019,Home,Net Banking,2138,Mumbai,Mobile
ORD1363,163,2023-07-25,PROD1010,Beauty,UPI,8762,Delhi,Tablet
ORD1364,148,2023-10-11,PROD1001,Clothing,COD,6176,Hyderabad,Mobile
ORD1365,116,2023-09-22,PROD1066,Books,Debit Card,6788,Chennai,Tablet
ORD1366,143,2024-05-14,PROD1086,Home,Net Banking,8816,Hyderabad,Mobile
ORD1367,191,2023-08-21,PROD1011,Toys,Debit Card,6504,Chennai,Mobile
ORD1368,129,2024-04-11,PROD1019,Books,UPI,7545,Mumbai,Desktop
ORD1369,192,2024-03-03,PROD1004,Toys,Debit Card,8075,Mumbai,Tablet
ORD1370,145,2023-01-19,PROD1036,Books,Credit Card,9286,Hyderabad,Tablet
ORD1371,105,2023-07-06,PROD1037,Clothing,Net Banking,6833,Bangalore,Mobile
ORD1372,198,2023-12-08,PROD1093,Home,Debit Card,797,Chennai,Mobile
ORD1373,136,2024-01-18,PROD1008,Books,UPI,3262,Delhi,Mobile
ORD1374,123,2024-01-03,PROD1097,Beauty,UPI,2536,Hyderabad,Desktop
ORD1375,192,2023-03-25,PROD1052,Electronics,Debit Card,772,Delhi,Desktop
ORD1376,145,2023-03-03,PROD1043,Beauty,UPI,7721,Hyderabad,Mobile
ORD1377,152,2024-01-22,PROD1098,Beauty,COD,6371,Bangalore,Tablet
ORD1378,194,2023-09-30,PROD1085,Electronics,COD,7297,Bangalore,Tablet
ORD1379,198,2023-10-13,PROD1023,Beauty,COD,2290,Bangalore,Desktop
ORD1380,159,2023-12-27,PROD1080,Books,Credit Card,6766,Kolkata,Desktop
ORD1381,196,2023-12-21,PROD1073,Books,Debit Card,4824,Bangalore,Mobile
ORD1382,162,2024-02-09,PROD1029,Books,Credit Card,1833,Mumbai,Tablet
ORD1383,184,2023-10-06,PROD1058,Electronics,UPI,1717,Mumbai,Mobile
ORD1384,131,2023-01-13,PROD1086,Beauty,Credit Card,3848,Kolkata,Desktop
ORD1385,186,2023-07-02,PROD1095,Electronics,UPI,1737,Chennai,Tablet
ORD1386,132,2024-01-04,PROD1080,Books,UPI,3337,Delhi,Tablet
ORD1387,166,2024-03-12,PROD1080,Beauty,Net Banking,7185,Hyderabad,Desktop
ORD1388,117,2023-02-06,PROD1013,Beauty,COD,297,Hyderabad,Mobile
ORD1389,124,2023-08-12,PROD1008,Toys,UPI,3950,Kolkata,Mobile
ORD1390,194,2023-07-09,PROD1039,Toys,Net Banking,8735,Mumbai,Tablet
ORD1391,153,2023-05-31,PROD1065,Clothing,COD,8374,Hyderabad,Desktop
ORD1392,157,2024-03-22,PROD1024,Home,UPI,8303,Mumbai,Tablet
ORD1393,166,2024-04-03,PROD1072,Toys,UPI,5613,Chennai,Desktop
ORD1394,145,2023-02-05,PROD1021,Electronics,Credit Card,4866,Delhi,Mobile
ORD1395,123,2023-04-09,PROD1003,Toys,Credit Card,810,Chennai,Desktop
ORD1396,131,2023-06-26,PROD1025,Clothing,COD,1927,Kolkata,Mobile
ORD1397,146,2023-08-15,PROD1057,Beauty,UPI,2054,Bangalore,Desktop
ORD1398,185,2023-07-11,PROD1028,Clothing,Debit Card,5255,Bangalore,Tablet
ORD1399,122,2024-04-17,PROD1097,Beauty,Credit Card,2524,Bangalore,Mobile
ORD1400,165,2024-04-07,PROD1086,Beauty,COD,9569,Chennai,Tablet
ORD1401,126,2023-06-13,PROD1036,Home,UPI,9483,Hyderabad,Tablet
ORD1402,101,2023-09-06,PROD1074,Toys,UPI,5974,Delhi,Mobile
ORD1403,189,2023-10-04,PROD1069,Electronics,Debit Card,6719,Bangalore,Mobile
ORD1404,116,2023-08-05,PROD1017,Electronics,COD,1949,Kolkata,Tablet
ORD1405,132,2024-01-11,PROD1084,Books,UPI,981,Kolkata,Tablet
ORD1406,108,2023-03-16,PROD1041,Beauty,Credit Card,7748,Bangalore,Tablet
ORD1407,142,2023-04-24,PROD1099,Electronics,Debit Card,7023,Bangalore,Tablet
ORD1408,147,2023-11-10,PROD1040,Home,COD,2305,Delhi,Mobile
ORD1409,138,2023-07-15,PROD1037,Beauty,Debit Card,4067,Bangalore,Mobile
ORD1410,192,2024-01-26,PROD1033,Home,Credit Card,7393,Delhi,Tablet
ORD1411,141,2023-04-15,PROD1016,Electronics,COD,5176,Kolkata,Desktop
ORD1412,125,2023-04-25,PROD1036,Electronics,Debit Card,2313,Bangalore,Desktop
ORD1413,198,2024-02-22,PROD1024,Books,Net Banking,6079,Chennai,Mobile
ORD1414,149,2024-02-14,PROD1075,Electronics,Credit Card,4170,Chennai,Tablet
ORD1415,124,2023-04-03,PROD1086,Beauty,Credit Card,9459,Kolkata,Tablet
ORD1416,123,2023-09-21,PROD1085,Beauty,Credit Card,7464,Delhi,Mobile
ORD1417,112,2023-03-31,PROD1084,Beauty,Net Banking,1777,Chennai,Desktop
ORD1418,159,2023-12-03,PROD1026,Books,Net Banking,9403,Delhi,Desktop
ORD1419,106,2023-08-03,PROD1056,Books,UPI,2474,Chennai,Desktop
ORD1420,156,2023-02-04,PROD1030,Electronics,Debit Card,5069,Chennai,Mobile
ORD1421,135,2023-08-30,PROD1005,Clothing,UPI,6944,Delhi,Desktop
ORD1422,144,2023-09-10,PROD1090,Clothing,Debit Card,2626,Hyderabad,Mobile
ORD1423,119,2024-01-21,PROD1039,Books,Net Banking,5746,Chennai,Mobile
ORD1424,164,2023-10-29,PROD1097,Electronics,Net Banking,7052,Bangalore,Tablet
ORD1425,107,2023-04-05,PROD1011,Clothing,UPI,2751,Kolkata,Desktop
ORD1426,115,2023-01-12,PROD1052,Electronics,COD,6611,Hyderabad,Mobile
ORD1427,113,2024-02-01,PROD1070,Electronics,UPI,207,Delhi,Desktop
ORD1428,175,2024-05-07,PROD1009,Electronics,Debit Card,8287,Hyderabad,Desktop
ORD1429,186,2023-02-13,PROD1044,Toys,UPI,2755,Mumbai,Tablet
ORD1430,114,2023-02-12,PROD1016,Beauty,Credit Card,675,Mumbai,Desktop
ORD1431,191,2023-11-26,PROD1025,Electronics,Debit Card,5616,Chennai,Tablet
ORD1432,197,2023-06-17,PROD1084,Toys,Debit Card,8876,Chennai,Mobile
ORD1433,165,2024-03-16,PROD1091,Books,COD,7439,Bangalore,Desktop
ORD1434,131,2023-03-06,PROD1061,Clothing,Net Banking,6910,Kolkata,Mobile
ORD1435,186,2023-11-19,PROD1045,Beauty,Debit Card,5200,Hyderabad,Desktop
ORD1436,162,2023-09-25,PROD1063,Clothing,Net Banking,4854,Mumbai,Mobile
ORD1437,185,2023-04-11,PROD1001,Beauty,UPI,8278,Chennai,Desktop
ORD1438,150,2024-03-02,PROD1053,Clothing,Credit Card,6263,Kolkata,Desktop
ORD1439,124,2023-06-28,PROD1064,Beauty,COD,2485,Hyderabad,Desktop
ORD1440,157,2024-02-21,PROD1050,Clothing,Net Banking,5423,Chennai,Desktop
ORD1441,162,2023-02-02,PROD1052,Clothing,Debit Card,7171,Chennai,Desktop
ORD1442,161,2024-01-15,PROD1035,Clothing,Net Banking,3725,Mumbai,Desktop
ORD1443,121,2023-06-12,PROD1025,Clothing,Debit Card,3022,Mumbai,Desktop
ORD1444,157,2023-06-27,PROD1028,Books,Net Banking,5143,Chennai,Desktop
ORD1445,157,2024-01-31,PROD1020,Electronics,Debit Card,6730,Delhi,Desktop
ORD1446,185,2023-06-01,PROD1010,Home,UPI,458,Chennai,Mobile
ORD1447,148,2023-12-06,PROD1039,Toys,Debit Card,482,Kolkata,Tablet
ORD1448,151,2023-06-09,PROD1010,Home,Debit Card,2098,Chennai,Desktop
ORD1449,141,2024-01-19,PROD1035,Home,Credit Card,4335,Bangalore,Tablet
ORD1450,169,2023-09-15,PROD1058,Beauty,Debit Card,6829,Bangalore,Desktop
ORD1451,114,2023-09-04,PROD1038,Electronics,Credit Card,3400,Bangalore,Desktop
ORD1452,153,2023-12-02,PROD1098,Beauty,COD,5310,Delhi,Mobile
ORD1453,159,2023-10-07,PROD1053,Electronics,Credit Card,7367,Delhi,Mobile
ORD1454,196,2023-01-16,PROD1097,Electronics,UPI,812,Chennai,Tablet
ORD1455,107,2023-01-04,PROD1054,Clothing,Credit Card,887,Bangalore,Mobile
ORD1456,152,2024-04-12,PROD1023,Books,COD,3890,Delhi,Mobile
ORD1457,159,2023-09-14,PROD1021,Clothing,UPI,9004,Mumbai,Tablet
ORD1458,104,2023-04-06,PROD1068,Books,Net Banking,2507,Chennai,Mobile
ORD1459,167,2024-03-17,PROD1055,Beauty,Net Banking,7333,Kolkata,Desktop
ORD1460,105,2023-05-27,PROD1032,Books,Credit Card,6709,Hyderabad,Tablet
ORD1461,195,2024-04-15,PROD1035,Beauty,Credit Card,6106,Chennai,Tablet
ORD1462,193,2024-01-29,PROD1019,Home,COD,2791,Hyderabad,Desktop
ORD1463,146,2023-08-11,PROD1082,Home,COD,7383,Bangalore,Mobile
ORD1464,198,2023-06-29,PROD1098,Books,Debit Card,5448,Hyderabad,Tablet
ORD1465,154,2023-10-17,PROD1080,Books,COD,8966,Bangalore,Tablet
ORD1466,139,2024-04-21,PROD1061,Beauty,Debit Card,5308,Mumbai,Desktop
ORD1467,151,2023-11-21,PROD1097,Clothing,UPI,3804,Hyderabad,Desktop
ORD1468,115,2023-09-03,PROD1072,Beauty,Credit Card,869,Chennai,Mobile
ORD1469,112,2023-01-10,PROD1025,Clothing,UPI,4564,Bangalore,Tablet
ORD1470,129,2023-09-07,PROD1065,Home,COD,7529,Chennai,Mobile
ORD1471,118,2023-01-23,PROD1072,Electronics,UPI,1483,Delhi,Mobile
ORD1472,116,2023-12-23,PROD1072,Books,UPI,1123,Bangalore,Desktop
ORD1473,162,2023-08-10,PROD1039,Clothing,UPI,1325,Hyderabad,Tablet
ORD1474,118,2023-09-11,PROD1016,Beauty,COD,1729,Bangalore,Tablet
ORD1475,191,2023-10-16,PROD1000,Home,UPI,9986,Chennai,Tablet
ORD1476,157,2023-04-10,PROD1088,Clothing,Debit Card,8638,Mumbai,Desktop
ORD1477,154,2023-02-08,PROD1060,Beauty,COD,3911,Bangalore,Desktop
ORD1478,189,2023-12-07,PROD1042,Books,UPI,8204,Hyderabad,Desktop
ORD1479,189,2024-03-07,PROD1041,Books,COD,9952,Delhi,Desktop
ORD1480,161,2024-04-18,PROD1024,Toys,Net Banking,6474,Kolkata,Desktop
ORD1481,122,2023-08-06,PROD1038,Electronics,Debit Card,4064,Mumbai,Tablet
ORD1482,108,2024-02-04,PROD1034,Toys,UPI,8033,Delhi,Mobile
ORD1483,111,2023-07-23,PROD1002,Home,Net Banking,6988,Bangalore,Tablet
ORD1484,100,2024-03-28,PROD1043,Clothing,Net Banking,426,Chennai,Mobile
ORD1485,157,2024-03-21,PROD1050,Home,COD,464,Chennai,Desktop
ORD1486,100,2023-08-26,PROD1093,Beauty,Net Banking,9787,Hyderabad,Mobile
ORD1487,133,2023-04-04,PROD1097,Books,Debit Card,845,Chennai,Tablet
ORD1488,195,2023-02-16,PROD1011,Toys,Debit Card,7744,Mumbai,Tablet
ORD1489,147,2023-03-10,PROD1018,Toys,Credit Card,5769,Chennai,Mobile
ORD1490,188,2023-08-08,PROD1043,Toys,Debit Card,3190,Hyderabad,Desktop
ORD1491,100,2024-04-06,PROD1058,Home,Net Banking,2704,Kolkata,Desktop
ORD1492,115,2023-10-12,PROD1048,Books,Debit Card,9546,Bangalore,Tablet
ORD1493,160,2023-07-04,PROD1060,Clothing,COD,787,Bangalore,Mobile
ORD1494,163,2023-03-27,PROD1016,Beauty,Credit Card,9377,Chennai,Desktop
ORD1495,162,2024-04-29,PROD1073,Clothing,Net Banking,4279,Delhi,Desktop
ORD1496,168,2024-03-10,PROD1056,Home,Credit Card,3548,Bangalore,Tablet
ORD1497,121,2023-05-24,PROD1054,Beauty,Net Banking,6499,Kolkata,Desktop
ORD1498,192,2023-06-03,PROD1046,Toys,COD,4031,Chennai,Mobile
ORD1499,166,2023-03-17,PROD1011,Electronics,Credit Card,9633,Hyderabad,Tablet
